Time,imageURL,User,Text,neg,pos,neu,dAttitude,dActivity
2020-05-27 03:42:53,http://pbs.twimg.com/profile_images/1091070803184177153/TI2qItoi_normal.jpg,NASA,@Brandonwait9 Our live coverage begins at 12:15pm ET and liftoff is targeted for 4:33pm ET üöÄhttps://t.co/F7V0x7AEAN,10,47,11,-27.03,-36.76
2020-05-27 03:44:56,http://pbs.twimg.com/profile_images/1091070803184177153/TI2qItoi_normal.jpg,NASA,"@Tomallott2 Launch is targeted for 4:33pm ET. Don‚Äôt miss our joint, live coverage with SpaceX from launch to arrive at the space station https://t.co/F7V0x7AEAN",10,56,9,-34.78,-26.67
2020-05-27 03:59:59,http://pbs.twimg.com/profile_images/1091070803184177153/TI2qItoi_normal.jpg,NASA,"@GankPwnt Yes! You can watch our launch broadcast here on Twitter. üöÄ

Set a reminder to watch https://t.co/Fuz18dts5A",16,31,11,106.67,-15.52
2020-05-27 05:35:05,http://pbs.twimg.com/profile_images/1091070803184177153/TI2qItoi_normal.jpg,NASA,"Our #LaunchAmerica LIVE coverage includes liftoff of @SpaceX‚Äôs Crew Dragon spacecraft, a @KellyClarkson performance, live video from space while @AstroBehnken &amp; @Astro_Doug fly to the @Space_Station and much more.

Full schedule: https://t.co/n3m0Tx4yeD https://t.co/xbSN9unevE",6,45,6,-10.26,10.53
2020-05-27 07:00:05,http://pbs.twimg.com/profile_images/1189945624583720960/k6MtoeIt_normal.jpg,Space_Station,Today's the day! @Astro_Doug &amp; @AstroBehnken lift off at 4:33 p.m. ET for #LaunchAmerica. We don't want you to miss a thing üòé Use our weekly watch guide for quick reference of all our live coverage &amp; post-launch events.  For updates &amp; to stream live visit https://t.co/cBNqC5JGaz https://t.co/z5eMm5hbfp,10,54,17,23.0,47.0
2020-05-27 07:41:05,http://pbs.twimg.com/profile_images/1091070803184177153/TI2qItoi_normal.jpg,NASA,"@esa @SpaceX @Astro_Doug @AstroBehnken From the other side of the pond, thank you! üëç",17,80,22,52.38,34.45
2020-05-27 07:54:26,http://pbs.twimg.com/profile_images/1113501416558141440/csp6nhvI_normal.png,NASAKennedy,"Join us live for our final day of #NASASocial coverage for #LaunchAmerica. We‚Äôll be streaming on YouTube, where you can ask questions live: https://t.co/q7l1pcIgaT

Live coverage for the mission to @Space_Station begins at 12:15 p.m. ET and liftoff is at 4:33 p.m. ET. https://t.co/RP6rwMgL5y",13,85,12,79.17,67.27
2020-05-27 08:52:58,http://pbs.twimg.com/profile_images/1082744382585856001/rH_k3PtQ_normal.jpg,SpaceX,Targeting 4:33 p.m. EDT today for Falcon 9‚Äôs launch of Crew Dragon with @NASA astronauts on board. Teams are closely monitoring launch and downrange weather ‚Üí https://t.co/bJFjLCilmc https://t.co/XyyT9YgESB,18,147,19,-24.81,0.54
2020-05-27 08:57:05,http://pbs.twimg.com/profile_images/1113501416558141440/csp6nhvI_normal.png,NASAKennedy,"The sun has risen on the dawn of a new era in human spaceflight.

At 4:33 p.m. ET @AstroBehnken &amp; @Astro_Doug will liftoff atop a @SpaceX rocket on their way to the @Space_Station. This will be the first time humans have launched from U.S. soil since 2011: https://t.co/p6zJ3XlwdR https://t.co/UJhfftslal",31,176,26,-24.83,-25.75
2020-05-27 10:00:12,http://pbs.twimg.com/profile_images/1091070803184177153/TI2qItoi_normal.jpg,NASA,"Meet our special guest host for today's #LaunchAmerica broadcast: @Astro_Flow, who has traveled on two space shuttle missions and spent more than 565 hours in space.

Tune in starting at 12:15pm ET: https://t.co/mzKW5uV4hS https://t.co/sxfZWuLgxd",22,116,30,39.36,63.69
2020-05-27 10:36:21,http://pbs.twimg.com/profile_images/1091070803184177153/TI2qItoi_normal.jpg,NASA,@graemeknows Same energy! https://t.co/F3hveBzFYH,38,228,42,17.37,97.73
2020-05-27 10:47:14,http://pbs.twimg.com/profile_images/1091070803184177153/TI2qItoi_normal.jpg,NASA,"Welcome to Launch Day üöÄ

Live #LaunchAmerica coverage starts at 12:15pm ET. Liftoff is at 4:33pm ET. 

Let‚Äôs light this candle!
 https://t.co/Fuz18dts5A",50,195,36,46.9,42.7
2020-05-27 11:07:08,http://pbs.twimg.com/profile_images/1113501416558141440/csp6nhvI_normal.png,NASAKennedy,"Tune in at 12:15 p.m. ET to witness the historic #LaunchAmerica mission to the @Space_Station. 

Watch as @Astro_Doug and @AstroBehnken make their way to Launch Complex 39A before liftoff at 4:33 p.m. ET: https://t.co/A9sbAYbCl3 https://t.co/BjdALto8Sa",35,164,34,55.04,52.36
2020-05-27 11:10:41,http://pbs.twimg.com/profile_images/1091070803184177153/TI2qItoi_normal.jpg,NASA,"@JimmieJohnson @Astro_Doug @SpaceX Both jobs are cool in their own right! Start your engines, Jimmie! üèÅ",48,230,54,-12.64,4.82
2020-05-27 11:28:53,http://pbs.twimg.com/profile_images/1091070803184177153/TI2qItoi_normal.jpg,NASA,"@LewisHamilton @Astro_Doug Great shot! Thanks for tuning in, Lewis!",60,273,68,52.11,44.64
2020-05-27 11:30:50,http://pbs.twimg.com/profile_images/1189945624583720960/k6MtoeIt_normal.jpg,Space_Station,"Watch @NASA TV today to see @AstroBehnken and @Astro_Doug liftoff aboard the @SpaceX #CrewDragon to the station. #LaunchAmerica | https://t.co/yuOTrYN8CV

Live coverageüì∫: 12:15pm ET
Launch üöÄ: 4:33pm
Docking üöÄüõ∞Ô∏è: 11:39am Thursday https://t.co/rtELr7s1Rp",60,273,68,52.11,44.64
2020-05-27 12:02:01,http://pbs.twimg.com/profile_images/1091070803184177153/TI2qItoi_normal.jpg,NASA,@jayobtv @NASAKennedy @SpaceX @CBS12 We love this! We hope today's launch inspires an entire generation. Thank you for sharing! üöÄ,77,375,67,59.73,54.53
2020-05-27 12:21:31,http://pbs.twimg.com/profile_images/1091070803184177153/TI2qItoi_normal.jpg,NASA,LIVE NOW: History is about to be made. Watch as @NASA_Astronauts #LaunchAmerica to the @Space_Station from American soil for the first time in nine years: https://t.co/U1COQzFy4v https://t.co/U1COQzFy4v,65,249,62,261.96,226.86
2020-05-27 12:22:35,http://pbs.twimg.com/profile_images/1082744382585856001/rH_k3PtQ_normal.jpg,SpaceX,Webcast of Crew Dragon‚Äôs demonstration mission with @NASA astronauts @AstroBehnken and @Astro_Doug on board the spacecraft is now live ‚Üí¬†https://t.co/bJFjLCzWdK  https://t.co/aXQUcY4diB,65,249,62,261.96,226.86
2020-05-27 12:26:54,http://pbs.twimg.com/profile_images/1091070803184177153/TI2qItoi_normal.jpg,NASA,"""I've got rocket fuel running through my veins."" Shuttle astronaut Leland Melvin (@Astro_Flow) is providing his unique perspective to this #LaunchAmerica mission: https://t.co/U1COQzFy4v https://t.co/iydlm22qXA",97,392,88,70.51,60.14
2020-05-27 12:28:51,http://pbs.twimg.com/profile_images/1091070803184177153/TI2qItoi_normal.jpg,NASA,Did you watch the final space shuttle launch in 2011?,79,336,80,86.77,75.56
2020-05-27 12:31:44,http://pbs.twimg.com/profile_images/1091070803184177153/TI2qItoi_normal.jpg,NASA,"For the first time since the retirement of the space shuttle in 2011, astronauts will again leave Earth from the U.S. 

#LaunchAmerica https://t.co/nh1xWS04Im",175,565,144,138.46,65.38
2020-05-27 12:33:06,http://pbs.twimg.com/profile_images/1091070803184177153/TI2qItoi_normal.jpg,NASA,Interested in joining the #LaunchAmerica mission virtually? Check out our very first global @NASASocial on Facebook: https://t.co/9MrP9i4Jfu https://t.co/XfL13c31uo,150,496,119,168.79,91.11
2020-05-27 12:33:50,http://pbs.twimg.com/profile_images/1082744382585856001/rH_k3PtQ_normal.jpg,SpaceX,"Dragon has undergone thousands of hours of testing to make it one of the safest human spaceflight vehicles ever flown. In 2015, Dragon completed a pad abort test, which verified the spacecraft‚Äôs ability to safely land astronauts in the unlikely event of an emergency on the pad https://t.co/ads3u9zw5G",150,496,119,99.42,49.93
2020-05-27 12:36:36,http://pbs.twimg.com/profile_images/1091070803184177153/TI2qItoi_normal.jpg,NASA,@JunoKeijsers Awesome! https://t.co/gL8V3PHWXD,102,452,100,33.71,34.1
2020-05-27 12:37:51,http://pbs.twimg.com/profile_images/1082744382585856001/rH_k3PtQ_normal.jpg,SpaceX,"In January 2020, Crew Dragon and Falcon 9 completed a demonstration of the system‚Äôs launch escape capabilities, verifying its ability to carry astronauts to safety if there‚Äôs an emergency in-flight https://t.co/IZRyRmB400",118,392,118,70.8,39.65
2020-05-27 12:37:51,http://pbs.twimg.com/profile_images/1082744382585856001/rH_k3PtQ_normal.jpg,SpaceX,Crew Dragon's eight SuperDraco engines powered the spacecraft away from Falcon 9 at speeds of over 400 mph,118,392,118,70.8,39.65
2020-05-27 12:40:23,http://pbs.twimg.com/profile_images/1082744382585856001/rH_k3PtQ_normal.jpg,SpaceX,"In March 2019, Crew Dragon completed its first demonstration mission ‚Äì an end-to-end flight test without astronauts on board during which it became the first American spacecraft to autonomously dock with the @space_station https://t.co/2BBjtISUaU",104,436,117,74.7,61.04
2020-05-27 12:41:59,http://pbs.twimg.com/profile_images/1082744382585856001/rH_k3PtQ_normal.jpg,SpaceX,SpaceX has completed nearly 100 tests and flights of Dragon‚Äôs parachutes to ensure a safe landing back on Earth https://t.co/EOo1RwnuXm,123,426,112,231.68,128.59
2020-05-27 12:43:23,http://pbs.twimg.com/profile_images/1091070803184177153/TI2qItoi_normal.jpg,NASA,"Time to suit up! üòé@AstroBehnken and @Astro_Doug suit up to #LaunchAmerica in the same room as the first Apollo mission, Apollo 7: https://t.co/U1COQzFy4v https://t.co/BFwdVmQN7L",106,440,85,200.9,139.46
2020-05-27 12:43:56,http://pbs.twimg.com/profile_images/1091070803184177153/TI2qItoi_normal.jpg,NASA,.@Astro_Doug = Crew Dragon commander for the #LaunchAmerica mission https://t.co/xWX9Fl7kYD,106,440,85,150.9,110.46
2020-05-27 12:45:35,http://pbs.twimg.com/profile_images/1091070803184177153/TI2qItoi_normal.jpg,NASA,.@AstroBehnken = joint operations commander for the mission https://t.co/QuSYOgvRKK,112,456,114,89.53,72.43
2020-05-27 12:47:20,http://pbs.twimg.com/profile_images/1091070803184177153/TI2qItoi_normal.jpg,NASA,"Time to suit up! üòé@AstroBehnken and @Astro_Doug suit up to #LaunchAmerica in the same room as the first crewed Apollo mission, Apollo 7: https://t.co/U1COQzFy4v https://t.co/fJJTA9Nnz5",113,455,86,90.64,79.82
2020-05-27 12:47:25,http://pbs.twimg.com/profile_images/1113501416558141440/csp6nhvI_normal.png,NASAKennedy,".@AstroBehnken and @Astro_Doug are inside Astronaut Crew Quarters getting suited up before heading to Launch Complex 39A for their historic mission to the @space_station. 

WATCH LIVE: https://t.co/A9sbAYbCl3 https://t.co/cYjePuayRH",113,455,86,77.19,55.96
2020-05-27 12:47:55,http://pbs.twimg.com/profile_images/1091070803184177153/TI2qItoi_normal.jpg,NASA,@Astro_Zach We're so happy you were there with us! üöÄ,113,455,86,77.19,55.96
2020-05-27 12:49:49,http://pbs.twimg.com/profile_images/1091070803184177153/TI2qItoi_normal.jpg,NASA,@KellySchwark @NASASocial Gorgeous shot!,119,413,83,110.54,62.6
2020-05-27 12:52:19,http://pbs.twimg.com/profile_images/1113501416558141440/csp6nhvI_normal.png,NASAKennedy,"Our @NASA_Astronauts are ready to #LaunchAmerica!

Their mission will mark the first time astronauts have launched from U.S. soil since 2011: https://t.co/A9sbAYbCl3 https://t.co/e4BPnloGRd",115,388,79,114.65,68.04
2020-05-27 12:53:16,http://pbs.twimg.com/profile_images/1091070803184177153/TI2qItoi_normal.jpg,NASA,"If you were in the room with @AstroBehnken and @Astro_Doug right now, what would you say to them as they prepare to head to the launch pad to #LaunchAmerica? ü§î https://t.co/plXl75TBbM",100,369,77,117.84,79.12
2020-05-27 12:58:13,http://pbs.twimg.com/profile_images/1091070803184177153/TI2qItoi_normal.jpg,NASA,Administrator @JimBridenstine and @SpaceX CEO @ElonMusk visit with @Astro_Doug and @AstroBehnken ahead of #LaunchAmerica: https://t.co/hbyeA6OsVX,101,482,120,46.46,53.2
2020-05-27 12:58:50,http://pbs.twimg.com/profile_images/1091070803184177153/TI2qItoi_normal.jpg,NASA,@joshhowells97 @AstroBehnken @Astro_Doug It doesn't hurt to ask!,101,482,120,46.46,53.2
2020-05-27 12:58:50,http://pbs.twimg.com/profile_images/1091070803184177153/TI2qItoi_normal.jpg,NASA,"Not available in stores.

#LaunchAmerica spacesuits are custom made. https://t.co/o3HdNHXWWI",101,482,120,46.46,53.2
2020-05-27 12:59:44,http://pbs.twimg.com/profile_images/1091070803184177153/TI2qItoi_normal.jpg,NASA,@ericmols @AstroBehnken @Astro_Doug And thanks for all the fish!,108,584,110,11.55,30.8
2020-05-27 13:01:35,http://pbs.twimg.com/profile_images/1082744382585856001/rH_k3PtQ_normal.jpg,SpaceX,SpaceX spacesuits are designed for optimum functionality with Dragon https://t.co/QW4DirDirx,113,543,122,31.86,37.28
2020-05-27 13:03:53,http://pbs.twimg.com/profile_images/1189945624583720960/k6MtoeIt_normal.jpg,Space_Station,.@ElonMusk and @JimBridenstine pose for a portrait with astronauts @Astro_Doug and @AstroBehnken before their launch today aboard the @SpaceX #CrewDragon. #LaunchAmerica | https://t.co/yuOTrYN8CV https://t.co/3soWc9Q9cw,108,494,83,24.61,34.16
2020-05-27 13:05:15,http://pbs.twimg.com/profile_images/1091070803184177153/TI2qItoi_normal.jpg,NASA,@AredesMarcel Excellent! You and thousands of our closest friends! https://t.co/5Qe1xHOqVf,90,425,93,48.66,54.61
2020-05-27 13:07:34,http://pbs.twimg.com/profile_images/1091070803184177153/TI2qItoi_normal.jpg,NASA,"@phoenixlp @Astro_Doug @AstroBehnken Same! Thanks for tuning in, Dave! https://t.co/pbZ15ko7nx",141,531,108,27.69,20.51
2020-05-27 13:09:02,http://pbs.twimg.com/profile_images/1091070803184177153/TI2qItoi_normal.jpg,NASA,Are you watching the broadcast of our historic mission at home right now? Snap a picture or share your thoughts using the hashtag #LaunchAmerica: https://t.co/innd7aLQyD,141,531,108,25.13,33.46
2020-05-27 13:11:49,http://pbs.twimg.com/profile_images/1091070803184177153/TI2qItoi_normal.jpg,NASA,"@RichardClark14 @SpaceX Thank you, Richard! Let's do this! üá∫üá∏üöÄ",195,1312,205,-50.49,-37.32
2020-05-27 13:13:00,http://pbs.twimg.com/profile_images/1091070803184177153/TI2qItoi_normal.jpg,NASA,.@KellyClarkson's performance of the national anthem for #LaunchAmerica = ‚≠ê‚≠ê‚≠ê‚≠ê‚≠ê https://t.co/sRw8ocf8m2,195,1312,205,-50.49,-37.32
2020-05-27 13:17:17,http://pbs.twimg.com/profile_images/1091070803184177153/TI2qItoi_normal.jpg,NASA,"They‚Äôre ready. Are you?‚Å£

#LaunchAmerica https://t.co/skGIqcbAAM",148,735,116,61.84,70.57
2020-05-27 13:17:40,http://pbs.twimg.com/profile_images/1091070803184177153/TI2qItoi_normal.jpg,NASA,"@kellyclarkson We've waited a lifetime for a moment like this. Thank you, Kelly! üá∫üá∏üöÄ",148,735,116,46.51,53.95
2020-05-27 13:19:43,http://pbs.twimg.com/profile_images/1113501416558141440/csp6nhvI_normal.png,NASAKennedy,"This is the walk every Apollo and Space Shuttle astronaut has taken on their way to the launch pad. 

Now @AstroBehnken and @Astro_Doug are about to begin the drive to Launch Complex 39A before liftoff at 4:33 p.m. ET: https://t.co/A9sbAYbCl3 https://t.co/JAOhnqgJes",204,710,138,69.96,46.2
2020-05-27 13:21:44,http://pbs.twimg.com/profile_images/1091070803184177153/TI2qItoi_normal.jpg,NASA,@Paloma220897 We're happy you're watching with us! üöÄ,205,871,153,-24.47,-20.18
2020-05-27 13:22:04,http://pbs.twimg.com/profile_images/1091070803184177153/TI2qItoi_normal.jpg,NASA,"""This is what it's all about... the people. It's about the families. We're working together as one community to get @AstroBehnken and @Astro_Doug launching off to the cosmos, to the @Space_Station."" ‚Äî @Astro_Flow reflecting on the crew preparing to launch: https://t.co/ieqoM2WqT7",205,871,153,-24.47,-20.18
2020-05-27 13:24:21,http://pbs.twimg.com/profile_images/1091070803184177153/TI2qItoi_normal.jpg,NASA,@therealmaxhill Astronaut in the making!üåü,147,745,119,-2.68,5.84
2020-05-27 13:26:07,http://pbs.twimg.com/profile_images/1189945624583720960/k6MtoeIt_normal.jpg,Space_Station,.@Astro_Doug and @AstroBehnken walk out and say farewell to their families before heading out to the launch pad and boarding the @SpaceX #CrewDragon. #LaunchAmerica | https://t.co/yuOTrYN8CV https://t.co/TAxzjR0o56,155,658,111,14.51,13.42
2020-05-27 13:27:07,http://pbs.twimg.com/profile_images/1091070803184177153/TI2qItoi_normal.jpg,NASA,"@MilesBlum Agreed, Miles! https://t.co/cp5UmUQvrf",155,658,111,14.51,13.42
2020-05-27 13:27:22,http://pbs.twimg.com/profile_images/1091070803184177153/TI2qItoi_normal.jpg,NASA,"@nishitmathur19 @SpaceX Thank you, Nishit! Onward and upward!",136,616,117,20.0,20.6
2020-05-27 13:30:05,http://pbs.twimg.com/profile_images/1091070803184177153/TI2qItoi_normal.jpg,NASA,"""They really hit the ground running... it's great, because we have a lot to get done."" One of our @Commercial_Crew astronauts @VicGlover discusses his training for the Crew-1 mission following this #LaunchAmerica flight test: https://t.co/U1COQzFy4v https://t.co/Rv1Mm8uFXF",124,663,108,-1.3,19.66
2020-05-27 13:30:12,http://pbs.twimg.com/profile_images/1113501416558141440/csp6nhvI_normal.png,NASAKennedy,.@AstroBehnken and @Astro_Doug are inside these vehicles making their way to the @SpaceX Crew Dragon that will carry them to the @space_Station. WATCH LIVE: https://t.co/A9sbAYbCl3 https://t.co/SHNk3y32WP,124,663,108,-1.3,19.66
2020-05-27 13:34:25,http://pbs.twimg.com/profile_images/1091070803184177153/TI2qItoi_normal.jpg,NASA,"They ride together. They fly together.

Our #LaunchAmerica crew is on the move! https://t.co/YHQ2kUFYST",160,850,137,-16.81,2.7
2020-05-27 13:38:29,http://pbs.twimg.com/profile_images/1091070803184177153/TI2qItoi_normal.jpg,NASA,@malkoff We love this. Thanks for watching with us! https://t.co/zJ89BK2rK6,150,618,109,15.17,18.24
2020-05-27 13:39:46,http://pbs.twimg.com/profile_images/1091070803184177153/TI2qItoi_normal.jpg,NASA,"Tell us: what space jams would you add to your launch day playlist?

#LaunchAmerica https://t.co/iSfVkETcZP",165,745,148,-19.48,-2.65
2020-05-27 13:41:41,http://pbs.twimg.com/profile_images/1082744382585856001/rH_k3PtQ_normal.jpg,SpaceX,.@NASA astronauts @AstroBehnken and @Astro_Doug arrive at Launch Complex 39A ahead of launch of Crew Dragon https://t.co/s7jxxoOPZI,172,1177,162,-49.95,-33.42
2020-05-27 13:45:46,http://pbs.twimg.com/profile_images/1189945624583720960/k6MtoeIt_normal.jpg,Space_Station,.@AstroBehnken and @Astro_Doug give a thumbs up at the launch pad and are fixing to board the @SpaceX #CrewDragon. #LaunchAmerica | https://t.co/yuOTrYN8CV https://t.co/9udiz8qsgI,178,830,168,-23.16,-11.05
2020-05-27 13:48:45,http://pbs.twimg.com/profile_images/1082744382585856001/rH_k3PtQ_normal.jpg,SpaceX,Learn more about Dragon‚Äôs design https://t.co/Fw5OZ9Ecwm,128,734,158,-19.64,-0.2
2020-05-27 13:50:21,http://pbs.twimg.com/profile_images/1091070803184177153/TI2qItoi_normal.jpg,NASA,The White Room is the last place on Earth that @Astro_Doug &amp; @AstroBehnken see before they get on board Crew Dragon to #LaunchAmerica. Tune in: https://t.co/U1COQzFy4v https://t.co/InXkUI25Kr,113,732,155,-10.34,21.9
2020-05-27 13:52:02,http://pbs.twimg.com/profile_images/1113501416558141440/csp6nhvI_normal.png,NASAKennedy,".@AstroBehnken and @Astro_Doug have arrived at the launch pad and are in the process of getting strapped inside the Crew Dragon before liftoff at 4:33 p.m. ET.

Watch live: https://t.co/A9sbAYbCl3 https://t.co/jST9fOG2tR",142,728,108,58.7,65.13
2020-05-27 13:52:14,http://pbs.twimg.com/profile_images/1091070803184177153/TI2qItoi_normal.jpg,NASA,@peter87124565 Nice.,142,728,108,58.7,65.13
2020-05-27 13:52:35,http://pbs.twimg.com/profile_images/1091070803184177153/TI2qItoi_normal.jpg,NASA,@slazear1 We've got a real jam going now.,142,728,108,58.7,65.13
2020-05-27 13:52:52,http://pbs.twimg.com/profile_images/1091070803184177153/TI2qItoi_normal.jpg,NASA,"‚úîÔ∏è Strapped in 
‚úîÔ∏è Ready for the ride

#LaunchAmerica https://t.co/qJeBMFEWvS",142,728,108,58.7,65.13
2020-05-27 13:57:06,http://pbs.twimg.com/profile_images/1091070803184177153/TI2qItoi_normal.jpg,NASA,"@ZanderStiverson Hurry, boy, it's waiting there for you. (The rocket, that is.)",176,804,166,95.06,76.35
2020-05-27 14:05:15,http://pbs.twimg.com/profile_images/1091070803184177153/TI2qItoi_normal.jpg,NASA,"@mlanger @SpaceX Hi, Maria! You can watch it live on our homepage at https://t.co/JSDausMuVv or stream our YouTube channel at https://t.co/Yow4nHcNTX. Thank you for watching history with us!",154,635,130,17.26,16.0
2020-05-27 14:06:34,http://pbs.twimg.com/profile_images/1091070803184177153/TI2qItoi_normal.jpg,NASA,"@bastilledan @NASA_Astronauts We're pretty stoked, Dan. Let's go! https://t.co/H0p1sW2uqu",150,648,142,13.25,13.4
2020-05-27 14:07:24,http://pbs.twimg.com/profile_images/1091070803184177153/TI2qItoi_normal.jpg,NASA,".@SpaceX's Dragon vehicle was designed from scratch 12 years ago to carry cargo from Earth to @Space_Station. 

Key upgrades were made to make it human rated and able to #LaunchAmerica today. https://t.co/fUgx4iI5j6",150,648,142,2.61,8.62
2020-05-27 14:16:00,http://pbs.twimg.com/profile_images/1091070803184177153/TI2qItoi_normal.jpg,NASA,".@thephysicsgirl asks: What goes into a mission like this? 

Watch #LaunchAmerica broadcast to find out: https://t.co/U1COQzFy4v https://t.co/GT5BidDeqi",257,1207,240,-51.79,-40.96
2020-05-27 14:19:05,http://pbs.twimg.com/profile_images/1091070803184177153/TI2qItoi_normal.jpg,NASA,@ElizabethBanks Love it! May the odds be ever in our favor. ‚úåÔ∏è,229,1089,220,-31.4,-21.72
2020-05-27 14:21:04,http://pbs.twimg.com/profile_images/1091070803184177153/TI2qItoi_normal.jpg,NASA,‚ÄúThis is a monumental achievement. It‚Äôs a herculean task.‚Äù ‚Äì Administrator @JimBridenstine #LaunchAmerica https://t.co/SxclcGeEoM,210,925,172,-17.48,-7.88
2020-05-27 14:23:08,http://pbs.twimg.com/profile_images/1091070803184177153/TI2qItoi_normal.jpg,NASA,"""This is a dream come true, I think for me, and everyone at @SpaceX."" @ElonMusk is ready to #LaunchAmerica: https://t.co/xgScFca9eY",172,675,134,47.91,42.1
2020-05-27 14:32:57,http://pbs.twimg.com/profile_images/1091070803184177153/TI2qItoi_normal.jpg,NASA,@Dastylishfoodie @SpaceX Awesome! https://t.co/xJ0n3eFWWL,185,767,180,-6.53,7.16
2020-05-27 14:34:30,http://pbs.twimg.com/profile_images/1091070803184177153/TI2qItoi_normal.jpg,NASA,"‚ÄúWe let the... American commercial industry innovate, and they came up with solutions that had never been dreamed of before. And that‚Äôs really the success of this program.‚Äù: 

#LaunchAmerica https://t.co/A029Co60kS",221,795,162,-5.23,2.97
2020-05-27 14:34:35,http://pbs.twimg.com/profile_images/1091070803184177153/TI2qItoi_normal.jpg,NASA,"""We want to inspire kids to say that one day, they want to wear that uniform."" @ElonMusk comments on how the #LaunchAmerica mission will propel the future of human spaceflight: https://t.co/27I1RkqrVo",221,795,162,-5.23,2.97
2020-05-27 14:36:00,http://pbs.twimg.com/profile_images/1091070803184177153/TI2qItoi_normal.jpg,NASA,"‚ÄúWe let the...American commercial industry innovate, and they came up with solutions that had never been dreamed of before. And that‚Äôs really the success of this program.‚Äù -Administrator @JimBridenstine

#LaunchAmerica https://t.co/4vF8UDEbCU",213,723,181,30.98,14.41
2020-05-27 14:39:55,http://pbs.twimg.com/profile_images/1091070803184177153/TI2qItoi_normal.jpg,NASA,"@BretLaBelle @elonmusk Thanks, Bret! üöÄ",198,665,167,23.34,20.1
2020-05-27 14:43:39,http://pbs.twimg.com/profile_images/1091070803184177153/TI2qItoi_normal.jpg,NASA,@starstrickenSF @patricia_pierry @AlexGelle We won't tell. https://t.co/JPxldarqTb,189,690,167,32.34,16.83
2020-05-27 14:45:36,http://pbs.twimg.com/profile_images/1091070803184177153/TI2qItoi_normal.jpg,NASA,@FallenAngel8831 Thanks for watching with us! üöÄ,172,717,149,28.07,25.72
2020-05-27 14:47:02,http://pbs.twimg.com/profile_images/1091070803184177153/TI2qItoi_normal.jpg,NASA,The hatch is closed. The crew is settled in. #LaunchAmerica is on. https://t.co/qZTR3QAQjM,172,717,149,167.34,134.01
2020-05-27 14:51:40,http://pbs.twimg.com/profile_images/1091070803184177153/TI2qItoi_normal.jpg,NASA,"@GuruOfficial @Twitter Thanks for watching with us, Guru! Let's do this thing! üöÄ",253,1183,179,19.57,39.63
2020-05-27 14:51:50,http://pbs.twimg.com/profile_images/1091070803184177153/TI2qItoi_normal.jpg,NASA,People all across the world are excited to #LaunchAmerica. https://t.co/Ey2eqbZzEk,253,1183,179,19.57,39.63
2020-05-27 14:54:46,http://pbs.twimg.com/profile_images/1091070803184177153/TI2qItoi_normal.jpg,NASA,Air Force 1 arrives at @NASAKennedy with special guest @POTUS on board to watch us #LaunchAmerica with American astronauts from American soil for the first time since 2011. https://t.co/xWNIsS5nfM,325,1854,299,-38.98,-22.24
2020-05-27 14:56:39,http://pbs.twimg.com/profile_images/1091070803184177153/TI2qItoi_normal.jpg,NASA,@amylitteral We'll be here when she's ready! üë©‚ÄçüöÄüöÄ,260,1485,276,-35.59,-18.01
2020-05-27 14:57:43,http://pbs.twimg.com/profile_images/1091070803184177153/TI2qItoi_normal.jpg,NASA,@seanmclainbrown @SpaceX We love that energy! Thanks for watching history with us!üöÄ,226,1203,245,-19.24,-1.02
2020-05-27 15:03:06,http://pbs.twimg.com/profile_images/1091070803184177153/TI2qItoi_normal.jpg,NASA,"Time to tune in on your favorite device for #LaunchAmerica üöÄ

Coming up soon is the launch readiness poll (3:48 pm ET) in which the team votes GO or NO GO for liftoff of @Astro_Doug and @AstroBehnken! 
 
üíªüì±üì∫ https://t.co/U1COQzFy4v",230,913,186,27.38,29.42
2020-05-27 15:07:53,http://pbs.twimg.com/profile_images/1091070803184177153/TI2qItoi_normal.jpg,NASA,"""My first spaceflight was from @NASAKennedy on the space shuttle Discovery. That was 15 years ago, but my memory is still fresh."" @Astro_Soichi of @JAXA_en will be on the Crew-1 mission following this historic #LaunchAmerica flight test: https://t.co/2us60Q09ZN",171,682,168,56.56,67.58
2020-05-27 15:10:14,http://pbs.twimg.com/profile_images/1091070803184177153/TI2qItoi_normal.jpg,NASA,"""Take that moment, enjoy it. Really welcome the opportunity to have part of your mission be taking it all in and sharing it with the people who got you there."" - @Astro_Christina #LaunchAmerica https://t.co/GajkSQOpp3",184,695,150,41.29,57.63
2020-05-27 15:16:55,http://pbs.twimg.com/profile_images/1082744382585856001/rH_k3PtQ_normal.jpg,SpaceX,Artwork by @tristaneaton flying aboard Dragon https://t.co/4ZbQhcZQvp,203,661,142,51.97,103.88
2020-05-27 15:19:46,http://pbs.twimg.com/profile_images/1091070803184177153/TI2qItoi_normal.jpg,NASA,"Thanks for your well wishes for our #LaunchAmerica journey, Captain! Let's boldly go. üöÄ‚ú®
@WilliamShatner

#LaunchAmerica https://t.co/J3xmra8j7H",213,803,188,-251.86,180.32
2020-05-27 15:19:56,http://pbs.twimg.com/profile_images/1082744382585856001/rH_k3PtQ_normal.jpg,SpaceX,"On board Dragon will be a mosaic of graduates‚Äô images ‚Äì congratulations, class of 2020! ‚Üí https://t.co/MUoy64B1b0 https://t.co/kH7aNyv50s",213,803,188,-251.86,180.32
2020-05-27 15:20:06,http://pbs.twimg.com/profile_images/1091070803184177153/TI2qItoi_normal.jpg,NASA,"#LaunchAmerica is quite an accomplishment, says @BillNye üá∫üá∏ 

RT if you agree https://t.co/nXy0cDHLDE",213,803,188,-251.86,180.32
2020-05-27 15:20:12,http://pbs.twimg.com/profile_images/1091070803184177153/TI2qItoi_normal.jpg,NASA,Would you travel to space?,213,803,188,-251.86,180.32
2020-05-27 15:22:25,http://pbs.twimg.com/profile_images/1091070803184177153/TI2qItoi_normal.jpg,NASA,"What's on board the Crew Dragon? @AstroBehnken, @Astro_Doug and a mosaic @SpaceX assembled from 100,000 graduate portraits. Congratulations to all of our 2020 graduates! #LaunchAmerica https://t.co/9Pa0uAyvhd",218,962,214,-220.43,142.11
2020-05-27 15:23:07,http://pbs.twimg.com/profile_images/1091070803184177153/TI2qItoi_normal.jpg,NASA,"We‚Äôre all so excited to have @Astro_Doug &amp; @AstroBehnken launch from @NASAKennedy today. Best wishes!

‚Äì @Dr_ThomasZ, #NASAScience Associate Administrator https://t.co/nQVQ4e9DHj",218,962,214,-172.85,105.45
2020-05-27 15:23:50,http://pbs.twimg.com/profile_images/1189945624583720960/k6MtoeIt_normal.jpg,Space_Station,"@ElboudiT Depending on the flight profile of the spacecraft, a trip to the station can take several days to as few as 3,5 hours. The @SpaceX #CrewDragon will take 19 hours and six minutes to reach the station.",204,969,227,-170.85,104.57
2020-05-27 15:25:37,http://pbs.twimg.com/profile_images/1091070803184177153/TI2qItoi_normal.jpg,NASA,@astraterr We love this answer.,217,912,223,-143.02,90.75
2020-05-27 15:26:01,http://pbs.twimg.com/profile_images/1189945624583720960/k6MtoeIt_normal.jpg,Space_Station,@zakariyahkj @ElboudiT @SpaceX Testing spacecraft systems.,217,912,223,-143.02,90.75
2020-05-27 15:30:56,http://pbs.twimg.com/profile_images/1189945624583720960/k6MtoeIt_normal.jpg,Space_Station,@japfanner The crew will go to sleep about 5.5 hours after liftoff.,220,853,200,-143.44,83.74
2020-05-27 15:32:56,http://pbs.twimg.com/profile_images/1082744382585856001/rH_k3PtQ_normal.jpg,SpaceX,.@AstroBehnken and @Astro_Doug before Crew Dragon flight https://t.co/BVDlvTZxS9,220,819,181,-142.24,87.62
2020-05-27 15:33:45,http://pbs.twimg.com/profile_images/1091070803184177153/TI2qItoi_normal.jpg,NASA,@louisjanneke You guys rock! Thanks for staying up with us! https://t.co/6rcoAVQqsn,234,778,201,-146.51,88.71
2020-05-27 15:39:13,http://pbs.twimg.com/profile_images/1091070803184177153/TI2qItoi_normal.jpg,NASA,"@josh_dobbs1 @NASAKennedy @SpaceX Thanks for being part of the #LaunchAmerica @NASASocial, Josh! We loved it! üèàüöÄ https://t.co/Xg7Eh5426L",208,969,201,-129.7,35.27
2020-05-27 15:41:06,http://pbs.twimg.com/profile_images/1091070803184177153/TI2qItoi_normal.jpg,NASA,"@SethGreen @SpaceX @Astro_Doug @AstroBehnken @NASAKennedy You ready, Seth? We're ready! üåü https://t.co/YkjTV4K7kD",231,807,199,-131.94,42.85
2020-05-27 15:43:46,http://pbs.twimg.com/profile_images/1091070803184177153/TI2qItoi_normal.jpg,NASA,"@Astrid_MSOD @SpaceX @elonmusk We feel the same way, Astrid! We're excited! ü¶ã https://t.co/XdvsBHucq0",185,848,189,-117.19,21.77
2020-05-27 15:50:46,http://pbs.twimg.com/profile_images/1082744382585856001/rH_k3PtQ_normal.jpg,SpaceX,Crew access arm retracting from the spacecraft https://t.co/wSn8gJdujN,393,1505,357,-100.09,-48.03
2020-05-27 15:51:24,http://pbs.twimg.com/profile_images/1091070803184177153/TI2qItoi_normal.jpg,NASA,"Crew Access Arm Retracted.

#LaunchAmerica https://t.co/G6Wksbxbt0",393,1505,357,-100.09,-48.03
2020-05-27 15:55:36,http://pbs.twimg.com/profile_images/1113501416558141440/csp6nhvI_normal.png,NASAKennedy,It is a little under 40 minutes until liftoff of @NASA and @SpaceX‚Äôs historic mission to the @Space_Station and the crew access arm has moved away from the spacecraft. For live coverage: https://t.co/A9sbAYbCl3,292,1081,284,-107.98,-40.86
2020-05-27 15:59:26,http://pbs.twimg.com/profile_images/1091070803184177153/TI2qItoi_normal.jpg,NASA,"@State_E @Space_Station @SpaceX Thank you, Mr. Under Secretary! We look forward to continue making space exploration more accessible with the support of our strong partnerships. #LaunchAmerica",367,1475,311,-101.99,-57.64
2020-05-27 16:03:51,http://pbs.twimg.com/profile_images/1091070803184177153/TI2qItoi_normal.jpg,NASA,"""Propellant load has started."" 

Liquid oxygen and rocket-grade kerosene are flowing through the @SpaceX Falcon 9 rocket. 

#LaunchAmerica https://t.co/PPy7nKGVq7",302,1172,246,-108.05,-48.95
2020-05-27 16:08:33,http://pbs.twimg.com/profile_images/1091070803184177153/TI2qItoi_normal.jpg,NASA,@FrancisSuarez Future astronauts! We'll be here when they're ready!üöÄ,312,1034,276,-96.12,-48.09
2020-05-27 16:20:29,http://pbs.twimg.com/profile_images/1082744382585856001/rH_k3PtQ_normal.jpg,SpaceX,"Standing down from launch today due to unfavorable weather in the flight path. Our next launch opportunity is Saturday, May 30 at 3:22 p.m. EDT, or 19:22 UTC",1899,1003,473,-103.12,-75.05
2020-05-27 16:21:07,http://pbs.twimg.com/profile_images/1091070803184177153/TI2qItoi_normal.jpg,NASA,"""We are not going to launch today.""

Due to the weather conditions, the launch is scrubbing. Our next opportunity will be Saturday, May 30 at 3:22pm ET. Live #LaunchAmerica coverage will begin at 11am ET. https://t.co/c7R1AmLLYh",1899,1003,473,-103.12,-75.05
2020-05-27 16:35:18,http://pbs.twimg.com/profile_images/1091070803184177153/TI2qItoi_normal.jpg,NASA,Propellant is offloading and @NASA_Astronauts @AstroBehnken and @Astro_Doug are preparing to exit the vehicle. https://t.co/q4VAwK5o9Q,974,801,333,-116.18,-60.06
2020-05-27 16:44:56,http://pbs.twimg.com/profile_images/1091070803184177153/TI2qItoi_normal.jpg,NASA,"Today's #LaunchAmerica attempt was an instantaneous launch window. Due to orbital mechanics, we need to make sure that at the time we launch, we are able to reach the @Space_Station on time and accurately. Because of this, we could not wait for clear weather today. https://t.co/t5uykgL2Fp",685,571,232,-124.56,-43.41
2020-05-27 16:54:13,http://pbs.twimg.com/profile_images/1091070803184177153/TI2qItoi_normal.jpg,NASA,Why an instantaneous launch window? Why do we have to wait until Saturday to attempt to launch again? Here's why: https://t.co/ejHrgnCFsu,484,388,170,-129.17,-19.19
2020-05-27 17:00:02,http://pbs.twimg.com/profile_images/1091070803184177153/TI2qItoi_normal.jpg,NASA,"#LaunchAmerica Update: Weather is the the one thing that we actually cannot control on our missions so unfortunately, it did cause us to scrub today. The vehicles are healthy. @AstroBehnken
 and @Astro_Doug were ready to go and will be ready on our next launch attempt Saturday. https://t.co/IGz5go3hUP",411,355,151,-150.0,-8.18
2020-05-27 17:02:05,http://pbs.twimg.com/profile_images/1091070803184177153/TI2qItoi_normal.jpg,NASA,"@MLucoji Yes, thank you! Safety is our priority!",394,324,160,-140.0,-4.1
2020-05-27 17:02:23,http://pbs.twimg.com/profile_images/1091070803184177153/TI2qItoi_normal.jpg,NASA,"@Lewl22292843 We'll see you online, Lewl!",394,324,160,-140.0,-4.1
2020-05-27 17:02:51,http://pbs.twimg.com/profile_images/1091070803184177153/TI2qItoi_normal.jpg,NASA,@saman_bandegani Hi Saman! You can watch live on https://t.co/JSDausMuVv. See you there!,394,324,160,-140.0,-4.1
2020-05-27 17:03:47,http://pbs.twimg.com/profile_images/1091070803184177153/TI2qItoi_normal.jpg,NASA,"The propellant is offloaded, the launch escape system is disarmed and the crew access arm is back. @AstroBehnken and @Astro_Doug are preparing to exit Crew Dragon. https://t.co/Gid74UbE7Y",394,324,160,-140.0,-4.1
